2,-3,WOSxctcYbRDmRYnRQoYe0whe9kw=,sOtD/6xlgNUUSVVYEEkDabS+NYM=
1,-2,WOSxctcYbRDmRYnRQoYe0whe9kw=,M0FcSjZB/m8hLI+LyOq++PY5cMw=
2,-2,WOSxctcYbRDmRYnRQoYe0whe9kw=,bnEhG863A36yV3KlGimr+tnftAg=
1,-3,WOSxctcYbRDmRYnRQoYe0whe9kw=,vq2OanulBTs1T5vyuxzLGWSr+So=
2,-5,WOSxctcYbRDmRYnRQoYe0whe9kw=,GDhlG2PZaJBp9SErxgKwzIJ3Imk=
2,-4,WOSxctcYbRDmRYnRQoYe0whe9kw=,sOtD/6xlgNUUSVVYEEkDabS+NYM=
1,-5,WOSxctcYbRDmRYnRQoYe0whe9kw=,GDhlG2PZaJBp9SErxgKwzIJ3Imk=
1,-4,WOSxctcYbRDmRYnRQoYe0whe9kw=,vq2OanulBTs1T5vyuxzLGWSr+So=
2,-6,WOSxctcYbRDmRYnRQoYe0whe9kw=,GDhlG2PZaJBp9SErxgKwzIJ3Imk=
1,-7,Mgr+IU3198uq+reYBwGG10OIKow=,xCdyQUMnZTaNhuOPzczaqlUOksI=
2,-7,Mgr+IU3198uq+reYBwGG10OIKow=,xCdyQUMnZTaNhuOPzczaqlUOksI=
1,-6,WOSxctcYbRDmRYnRQoYe0whe9kw=,GDhlG2PZaJBp9SErxgKwzIJ3Imk=
2,-9,Mgr+IU3198uq+reYBwGG10OIKow=,xCdyQUMnZTaNhuOPzczaqlUOksI=
2,-10,GTTOngbRnmqKqbfZ2ftDnlBAiXk=,xCdyQUMnZTaNhuOPzczaqlUOksI=
1,-10,GTTOngbRnmqKqbfZ2ftDnlBAiXk=,xCdyQUMnZTaNhuOPzczaqlUOksI=
1,-9,GTTOngbRnmqKqbfZ2ftDnlBAiXk=,xCdyQUMnZTaNhuOPzczaqlUOksI=
2,-8,GTTOngbRnmqKqbfZ2ftDnlBAiXk=,xCdyQUMnZTaNhuOPzczaqlUOksI=
1,-8,GTTOngbRnmqKqbfZ2ftDnlBAiXk=,xCdyQUMnZTaNhuOPzczaqlUOksI=
0,-9,GTTOngbRnmqKqbfZ2ftDnlBAiXk=,xCdyQUMnZTaNhuOPzczaqlUOksI=
0,-7,GTTOngbRnmqKqbfZ2ftDnlBAiXk=,xCdyQUMnZTaNhuOPzczaqlUOksI=
0,-5,WOSxctcYbRDmRYnRQoYe0whe9kw=,GDhlG2PZaJBp9SErxgKwzIJ3Imk=
0,-6,WOSxctcYbRDmRYnRQoYe0whe9kw=,GDhlG2PZaJBp9SErxgKwzIJ3Imk=
0,-3,WOSxctcYbRDmRYnRQoYe0whe9kw=,vq2OanulBTs1T5vyuxzLGWSr+So=
0,-2,WOSxctcYbRDmRYnRQoYe0whe9kw=,M0FcSjZB/m8hLI+LyOq++PY5cMw=
0,-4,WOSxctcYbRDmRYnRQoYe0whe9kw=,vq2OanulBTs1T5vyuxzLGWSr+So=
0,-8,GTTOngbRnmqKqbfZ2ftDnlBAiXk=,xCdyQUMnZTaNhuOPzczaqlUOksI=
3,-2,WOSxctcYbRDmRYnRQoYe0whe9kw=,bnEhG863A36yV3KlGimr+tnftAg=
0,-10,GTTOngbRnmqKqbfZ2ftDnlBAiXk=,xCdyQUMnZTaNhuOPzczaqlUOksI=
3,-3,WOSxctcYbRDmRYnRQoYe0whe9kw=,sOtD/6xlgNUUSVVYEEkDabS+NYM=
4,-3,GTTOngbRnmqKqbfZ2ftDnlBAiXk=,xCdyQUMnZTaNhuOPzczaqlUOksI=
4,-2,GTTOngbRnmqKqbfZ2ftDnlBAiXk=,WCgPL55Qn4q5drOUP4Vbtjybi3A=
3,-1,WOSxctcYbRDmRYnRQoYe0whe9kw=,bnEhG863A36yV3KlGimr+tnftAg=
3,-10,GTTOngbRnmqKqbfZ2ftDnlBAiXk=,xCdyQUMnZTaNhuOPzczaqlUOksI=
4,-1,GTTOngbRnmqKqbfZ2ftDnlBAiXk=,WCgPL55Qn4q5drOUP4Vbtjybi3A=
4,-10,GTTOngbRnmqKqbfZ2ftDnlBAiXk=,xCdyQUMnZTaNhuOPzczaqlUOksI=
6,-10,GTTOngbRnmqKqbfZ2ftDnlBAiXk=,cw5JrqqCYFfXjWrO1pnSjysJw0Y=
5,-3,GTTOngbRnmqKqbfZ2ftDnlBAiXk=,xCdyQUMnZTaNhuOPzczaqlUOksI=
5,-2,GTTOngbRnmqKqbfZ2ftDnlBAiXk=,WCgPL55Qn4q5drOUP4Vbtjybi3A=
2,-1,WOSxctcYbRDmRYnRQoYe0whe9kw=,bnEhG863A36yV3KlGimr+tnftAg=
1,-1,WOSxctcYbRDmRYnRQoYe0whe9kw=,M0FcSjZB/m8hLI+LyOq++PY5cMw=
0,-1,WOSxctcYbRDmRYnRQoYe0whe9kw=,M0FcSjZB/m8hLI+LyOq++PY5cMw=
6,-3,GTTOngbRnmqKqbfZ2ftDnlBAiXk=,Hrins7Fc7scJ4TRDr1zz/XZ6OSI=
5,-10,GTTOngbRnmqKqbfZ2ftDnlBAiXk=,xCdyQUMnZTaNhuOPzczaqlUOksI=
6,-9,GTTOngbRnmqKqbfZ2ftDnlBAiXk=,cw5JrqqCYFfXjWrO1pnSjysJw0Y=
5,-9,GTTOngbRnmqKqbfZ2ftDnlBAiXk=,xCdyQUMnZTaNhuOPzczaqlUOksI=
6,-8,GTTOngbRnmqKqbfZ2ftDnlBAiXk=,xf3yf9Ys/2Eut8H8cunzqkZFlXQ=
4,-9,GTTOngbRnmqKqbfZ2ftDnlBAiXk=,xCdyQUMnZTaNhuOPzczaqlUOksI=
3,-9,GTTOngbRnmqKqbfZ2ftDnlBAiXk=,xCdyQUMnZTaNhuOPzczaqlUOksI=
4,-8,GTTOngbRnmqKqbfZ2ftDnlBAiXk=,xCdyQUMnZTaNhuOPzczaqlUOksI=
6,-7,GTTOngbRnmqKqbfZ2ftDnlBAiXk=,xf3yf9Ys/2Eut8H8cunzqkZFlXQ=
3,-8,GTTOngbRnmqKqbfZ2ftDnlBAiXk=,xCdyQUMnZTaNhuOPzczaqlUOksI=
5,-8,GTTOngbRnmqKqbfZ2ftDnlBAiXk=,xCdyQUMnZTaNhuOPzczaqlUOksI=
6,-4,GTTOngbRnmqKqbfZ2ftDnlBAiXk=,Hrins7Fc7scJ4TRDr1zz/XZ6OSI=
5,-4,GTTOngbRnmqKqbfZ2ftDnlBAiXk=,xCdyQUMnZTaNhuOPzczaqlUOksI=
4,-4,GTTOngbRnmqKqbfZ2ftDnlBAiXk=,xCdyQUMnZTaNhuOPzczaqlUOksI=
4,-7,GTTOngbRnmqKqbfZ2ftDnlBAiXk=,xCdyQUMnZTaNhuOPzczaqlUOksI=
6,-5,GTTOngbRnmqKqbfZ2ftDnlBAiXk=,xf3yf9Ys/2Eut8H8cunzqkZFlXQ=
5,-5,GTTOngbRnmqKqbfZ2ftDnlBAiXk=,xCdyQUMnZTaNhuOPzczaqlUOksI=
6,-6,GTTOngbRnmqKqbfZ2ftDnlBAiXk=,xf3yf9Ys/2Eut8H8cunzqkZFlXQ=
3,-4,WOSxctcYbRDmRYnRQoYe0whe9kw=,sOtD/6xlgNUUSVVYEEkDabS+NYM=
3,-5,WOSxctcYbRDmRYnRQoYe0whe9kw=,GDhlG2PZaJBp9SErxgKwzIJ3Imk=
5,-7,GTTOngbRnmqKqbfZ2ftDnlBAiXk=,xCdyQUMnZTaNhuOPzczaqlUOksI=
3,-7,GTTOngbRnmqKqbfZ2ftDnlBAiXk=,xCdyQUMnZTaNhuOPzczaqlUOksI=
4,-5,GTTOngbRnmqKqbfZ2ftDnlBAiXk=,xCdyQUMnZTaNhuOPzczaqlUOksI=
5,-6,GTTOngbRnmqKqbfZ2ftDnlBAiXk=,xCdyQUMnZTaNhuOPzczaqlUOksI=
3,-6,WOSxctcYbRDmRYnRQoYe0whe9kw=,GDhlG2PZaJBp9SErxgKwzIJ3Imk=
4,-6,GTTOngbRnmqKqbfZ2ftDnlBAiXk=,xCdyQUMnZTaNhuOPzczaqlUOksI=
